{
    "initial": 0,
    "balance": -6077710.676947534,
    "amount": 100000000,
    "expected_balance": -3120000.0000000005,
    "calculated_roi": 0.9392228932305247,
    "cont": 114869620
}